problem,num_nodes,num_edges,traffic_seed,tm_model,scale_factor,num_commodities,total_demand,algo,clustering_algo,num_partitions,size_of_largest_partition,partition_runtime,num_paths,edge_disjoint,dist_metric,iteration,obj_val,runtime,r1_runtime,r2_runtime,recon_runtime,r3_runtime,kirchoffs_runtime
Cogentco.graphml,197,486,1229219359,gravity,64.0,30910,76765.140625,ncflow_edge_per_iter,leader_election,2,175,0.07811212539672852,4,True,inv-cap,0,32932.153299830854,6.028770923614502,0.0003211498260498047,6.027746915817261,0.00047087669372558594,0.0002319812774658203,0.0
Cogentco.graphml,197,486,1229219359,gravity,64.0,30910,76765.140625,ncflow_edge_per_iter,leader_election,4,138,0.06966471672058105,4,True,inv-cap,0,26867.857168637216,5.624316215515137,0.00048613548278808594,5.62291407585144,0.0005030632019042969,0.00041294097900390625,0.0
Cogentco.graphml,197,486,1229219359,gravity,64.0,30910,76765.140625,ncflow_edge_per_iter,leader_election,8,95,0.057811737060546875,4,True,inv-cap,0,19039.156791120768,1.4920001029968262,0.00057220458984375,1.4907310009002686,0.0003249645233154297,0.0003719329833984375,0.0
Cogentco.graphml,197,486,1229219359,gravity,64.0,30910,76765.140625,ncflow_edge_per_iter,leader_election,16,32,0.04155087471008301,4,True,inv-cap,0,5489.3747019171715,0.007299900054931641,0.0011229515075683594,0.0050868988037109375,0.0004429817199707031,0.0006470680236816406,0.0
Cogentco.graphml,197,486,1229219359,gravity,64.0,30910,76765.140625,ncflow_edge_per_iter,leader_election,32,26,0.033860206604003906,4,True,inv-cap,0,2324.0973417162895,0.00847935676574707,0.0012950897216796875,0.00451207160949707,0.0008702278137207031,0.0018019676208496094,0.0
